{
	"name": "Cosmos",
	"version": "1.0.0",
	"author": "Universal Omega",
	"url": "",
	"descriptionmsg": "cosmos-desc",
	"namemsg": "skinname-cosmos",
	"license-name": "GPL-2.0-or-later",
	"type": "skin",
	"requires": {
		"MediaWiki": ">= 1.34.0"
	},
	"ValidSkinNames": {
		"cosmos": "Cosmos"
	},
	"MessagesDirs": {
		"Cosmos": [
			"i18n"
		]
	},
	"ResourceModules": {
		"skins.cosmos": {
			"targets": [
				"desktop",
				"mobile"
			],
			"styles": {
				"resources/libraries/normalise.css": {
					"media": "screen"
				},
				"resources/forms.less": {
					"media": "screen"
				},
				"resources/screen-common.less": {
					"media": "screen"
				},
				"resources/screen-desktop.less": {
					"media": "screen and (min-width: 851px)"
				},
				"resources/screen-desktop-full.less": {
					"media": "screen and (min-width: 1340px)"
				},
				"resources/screen-desktop-mid.less": {
					"media": "screen and (min-width: 1100px) and (max-width: 1339px)"
				},
				"resources/screen-desktop-small.less": {
					"media": "screen and (min-width: 851px) and (max-width: 1099px)"
				},
				"resources/screen-mobile.less": {
					"media": "screen and (max-width: 850px)"
				},
				"0": "resources/screen-misc.less"
			}
		},
		"skins.cosmos.js": {
			"targets": [
				"desktop"
			],
			"scripts": [
				"resources/main.js"
			],
			"dependencies": [
				"mediawiki.cookie"
			]
		},
		"skins.cosmos.mobile": {
			"targets": [
				"desktop",
				"mobile"
			],
			"scripts": [
				"resources/mobile.js"
			]
		}
	},
	"ResourceFileModulePaths": {
		"localBasePath": "",
		"remoteSkinPath": "Cosmos"
	},
	"ResourceModuleSkinStyles": {
		"cosmos": {
			"+oojs-ui-core.styles": "resources/ooui.less",
			"+ext.echo.styles.badge": "resources/extensions/Echo.less",
			"+ext.eventLogging.jsonSchema.styles": "resources/extensions/EventLogging.jsonSchema.less",
			"+ext.visualEditor.core": "resources/extensions/VisualEditor.core.less",
			"+ext.visualEditor.desktopArticleTarget.noscript": "resources/extensions/VisualEditor.article.less",
			"+ext.CodeMirror.visualEditor.init": "resources/extensions/VisualEditor.CodeMirror.less",
			"+ext.dismissableSiteNotice.styles": "resources/extensions/DismissableSiteNotice.less",
			"+ext.MWOAuth.AuthorizeForm": "resources/extensions/MWOAuth.AuthorizeForm.less",
			"+ext.wikiLove.icon": "resources/extensions/WikiLove.icon.less",
			"+ext.proofreadpage.page.navigation": "resources/extensions/Proofreadpage.page.navigation.less"
		}
	},
	"AutoloadClasses": {
		"SkinCosmos": "includes/SkinCosmos.php",
		"CosmosTemplate": "includes/CosmosTemplate.php",
		"CosmosNavigation": "includes/CosmosNavigation.php",
		"CosmosHooks": "includes/CosmosHooks.php",
		"Cosmos\\Icon": "includes/Icon.php",
		"Cosmos\\Config": "includes/Config.php"
	},
	"Hooks": {
        "GetPreferences": [ "CosmosHooks::onGetPreferences" ]
    },
    "DefaultUserOptions": {
		"cosmos-mode": "cosmos-darkmode"
	},
	"manifest_version": 2
}